{
  "train_loss": [
    0.32729252093178884,
    0.16004116280589784,
    0.08424322071086084,
    0.04550649432915296,
    0.026286124604076446,
    0.01143063725067324,
    0.011690665707886832,
    0.005976496168941854,
    0.005717997889676018,
    0.0025570748052575424,
    0.003056195902242014,
    0.009798517374544825,
    0.0021059468293528265,
    0.004607574097088951,
    0.002076827917381569,
    0.0016946927140593375,
    0.002571633713431397,
    0.0008398363243685143,
    0.0014986729975564465,
    0.002748782329133969,
    0.0023460671098912153,
    0.0005249903267813185,
    0.0014279959115508338,
    0.001153831835868399,
    0.0013813743403501921,
    0.00023514844127903032,
    2.1237376553870365e-06,
    0.0030854044384595303
  ],
  "val_loss": [
    0.2009281092484792,
    0.06422644372781118,
    0.038156842678164445,
    0.02069906927579238,
    0.007108650162670528,
    0.02454137801676946,
    0.004877380209753937,
    0.00287921559919558,
    0.0022422663747372175,
    0.005447484617676063,
    0.0007826788410820882,
    0.0010258588392682573,
    0.0029184768076491326,
    0.0015718974408066302,
    0.001410860815271216,
    0.000365674761963677,
    0.00048329171389289625,
    8.189327483894004e-07,
    0.005833613688641251,
    2.1176998711259404e-06,
    0.00017809490516632618,
    1.1294354369958034e-06,
    0.03012701817142624,
    6.576875177665438e-06,
    1.6900627701432745e-07,
    4.704556072197284e-06,
    1.119436054814534e-06,
    0.00152738142007345
  ],
  "train_auc": [
    0.6515791156462585,
    0.9377359761904762,
    0.9844099523809524,
    0.9955456020408163,
    0.9983134047619047,
    0.9995860782312926,
    0.9993829761904762,
    0.9997181292517007,
    0.9996323673469388,
    0.9998348061224489,
    0.999703962585034,
    0.9992585306122449,
    0.999773731292517,
    0.9995788401360544,
    0.9999257108843537,
    0.9998545136054421,
    0.9997125986394557,
    0.999928074829932,
    0.9997827108843537,
    0.9998521836734694,
    0.9998543809523809,
    0.9999751190476192,
    0.9998568299319729,
    0.9999281768707484,
    0.9998564829931973,
    0.999999462585034,
    1.0,
    0.9997316734693876
  ],
  "val_auc": [
    0.9224585185185186,
    0.9901268148148149,
    0.9976973333333334,
    0.9993205185185184,
    0.9998311111111111,
    0.9990677777777778,
    0.9994532592592593,
    0.9999013333333334,
    0.9999921481481481,
    0.9999934814814815,
    0.9999998518518518,
    0.9999994074074074,
    0.9999283703703704,
    0.9999991111111111,
    0.999994074074074,
    1.0,
    1.0,
    1.0,
    0.9998970370370371,
    1.0,
    1.0,
    1.0,
    0.9999812592592593,
    1.0,
    1.0,
    1.0,
    1.0,
    1.0
  ],
  "lr": [
    9.99321619703514e-05,
    9.972883382072952e-05,
    9.939057285945931e-05,
    9.891830623632337e-05,
    9.831332840130886e-05,
    9.75772975566101e-05,
    9.671223111161148e-05,
    9.572050015330873e-05,
    9.46048229473242e-05,
    9.336825748732971e-05,
    9.201419311329847e-05,
    9.054634122155987e-05,
    8.896872509212005e-05,
    8.7285668861131e-05,
    8.550178566873408e-05,
    8.362196501476347e-05,
    8.165135935696695e-05,
    7.959536998847741e-05,
    7.745963223324383e-05,
    7.524999999999999e-05,
    7.297252973710755e-05,
    7.06334638322521e-05,
    6.823921350249236e-05,
    6.579634122155988e-05,
    6.331154273257476e-05,
    6.079162869547906e-05,
    5.824350601949141e-05,
    5.567415893174883e-05
  ]
}